ID,X,Y,Z,Bearing,Diameter,dx,dy
0,362797.88185612834,6363281.567887495,,,,-8424,11116
1,362796.5297149205,6363274.471602687,,,,-8568.811534675246,10995.412240933627
